Metric,Value
Accuracy,0.9907510504201681
AUC-ROC,0.9995351258490424
F1-Score,0.9907920110768289
Precision,0.9908632457673431
Recall,0.9907510504201681
True Negatives,660755.0
False Positives,4532.0
False Negatives,2512.0
True Positives,93801.0
Total Test Samples,761600.0
