,precision,recall,f1-score,support
Normal,0.9962126865952927,0.9931879023639422,0.9946979949629446,665287.0
Attack,0.9539117081752819,0.9739183703134572,0.9638112265343238,96313.0
accuracy,0.9907510504201681,0.9907510504201681,0.9907510504201681,0.9907510504201681
macro avg,0.9750621973852873,0.9835531363386997,0.9792546107486342,761600.0
weighted avg,0.990863245767343,0.9907510504201681,0.9907920110768288,761600.0
