,precision,recall,f1-score,support
Normal,0.9965227815935414,0.9922783637828801,0.994396043557032,665144.0
Attack,0.9481646700241212,0.9760727272727273,0.96191631726334,96250.0
accuracy,0.9902297627772217,0.9902297627772217,0.9902297627772217,0.9902297627772217
macro avg,0.9723437258088312,0.9841755455278037,0.978156180410186,761394.0
weighted avg,0.9904096939693195,0.9902297627772217,0.9902901881710323,761394.0
